POI-Tidal-Station-List-latest v1.2 update by 2022-12-27,,,,,,,
POI_ID,POI_Name_Local,POI_Name_EN,POI_Name_ZH,POI_Latitude,POI_Longitude,POI_Type,ISO 3166
P2872,丹东,Dandong,丹东,40.11667,124.4,Tidal Station,CN
P2122,丹东新港,Dandong New Port,丹东新港,39.81667,124.15667,Tidal Station,CN
P2461,石山子,Shishanzi,石山子,39.96667,123.66667,Tidal Station,CN
P2499,大鹿岛,Dalu Island,大鹿岛,39.75,123.75,Tidal Station,CN
P2727,小长山岛,Xiaochangshan Island,小长山岛,39.23,122.67833,Tidal Station,CN
P2892,大窑湾,Dayaowan,大窑湾,39.01667,121.9,Tidal Station,CN
P2951,大连,Dalian(Laohutan),大连,38.87167,121.67833,Tidal Station,CN
P2432,旅顺新港,Lüshun New Port,旅顺新港,38.8,121.13333,Tidal Station,CN
P2699,金县,Jinxian,金县,39.05,121.53333,Tidal Station,CN
P2543,葫芦套,Hulutao,葫芦套,39.2725,121.6,Tidal Station,CN
P2146,长兴岛,Changxing Island,长兴岛,39.47667,121.255,Tidal Station,CN
P2886,鲅鱼圈,Bayuquan,鲅鱼圈,40.28333,122.09167,Tidal Station,CN
P2785,营口,Yingkou,营口,40.63333,122.15,Tidal Station,CN
P2938,老北河口,Laobeihekou,老北河口,40.96667,121.83333,Tidal Station,CN
P2953,锦州港,Jinzhou Port,锦州港,40.8,121.06667,Tidal Station,CN
P2738,菊花岛,Juhua Island,菊花岛,40.48333,120.83333,Tidal Station,CN
P2689,团山角,Tuanshanjiao,团山角,40.23333,120.46667,Tidal Station,CN
P2442,芷锚湾,Zhimaowan,芷锚湾,40.01167,119.92,Tidal Station,CN
P2490,山海关,Shanhaiguan,山海关,39.97917,119.81667,Tidal Station,CN
P2454,秦皇岛,Qinhuangdao,秦皇岛,39.90667,119.60333,Tidal Station,CN
P2436,七里海,Qilihai(Xinkaikou),七里海,39.58333,119.28333,Tidal Station,CN
P2246,京唐港,Jingtang Port,京唐港,39.205,119.00833,Tidal Station,CN
P2651,曹妃甸,Caofeidian,曹妃甸,38.915,118.505,Tidal Station,CN
P2643,塘沽,Tanggu,塘沽,38.98333,117.78333,Tidal Station,CN
P2712,岐口,Qikou,岐口,38.6,117.51667,Tidal Station,CN
P2426,埕口外海,Chengkouwaihai,埕口外海,38.45,118.43333,Tidal Station,CN
P2398,黄骅港,Huanghua Port,黄骅港,38.325,117.88167,Tidal Station,CN
P2418,东风港,Dongfeng Port,东风港,38.25,118.16667,Tidal Station,CN
P2578,湾湾沟口,Wanwangoukou,湾湾沟口,38.18333,118.45,Tidal Station,CN
P2939,东营港,Dongying Port,东营港,38.13833,119.03833,Tidal Station,CN
P2232,潍坊港,Weifang Port,潍坊港,37.23333,119.18333,Tidal Station,CN
P2131,莱州港,Laizhou Port,莱州港,37.41667,119.93333,Tidal Station,CN
P2172,龙口,Longkou,龙口,37.65167,120.315,Tidal Station,CN
P2992,蓬莱,Penglai,蓬莱,37.83,120.73833,Tidal Station,CN
P2560,南长山岛,Nanchangshan Island,南长山岛,37.91667,120.7,Tidal Station,CN
P2169,砣矶岛,Tuojidao,砣矶岛,38.16667,120.75,Tidal Station,CN
P2612,北隍城岛,Beihuangchengdao,北隍城岛,38.395,120.91833,Tidal Station,CN
P2743,烟台,Yantai,烟台,37.555,121.39167,Tidal Station,CN
P2205,威海,Weihai,威海,37.51333,122.13333,Tidal Station,CN
P2513,成山角,Chengshanjiao,成山角,37.38833,122.695,Tidal Station,CN
P2737,石岛,Shidao,石岛,36.865,122.42,Tidal Station,CN
P2890,张家埠,Zhangjiabu,张家埠,37.00917,122.16667,Tidal Station,CN
P2764,乳山口,Rushankou,乳山口,36.8,121.48333,Tidal Station,CN
P2362,千里岩,Qianliyan,千里岩,36.26667,121.38333,Tidal Station,CN
P2305,女岛港,Nudao Port,女岛港,36.36667,120.86667,Tidal Station,CN
P2717,青岛,Qingdao,青岛,36.08333,120.3,Tidal Station,CN
P2494,黄岛,Huangdao,黄岛,36.06267,120.20283,Tidal Station,CN
P2327,董家口,Dongjiakou,董家口,35.6,119.76667,Tidal Station,CN
P2288,日照港,Rizhao Port,日照港,35.36667,119.56667,Tidal Station,CN
P2591,岚山港,Lanshan Port,岚山港,35.1,119.38333,Tidal Station,CN
P2862,连云港,Lianyungang,连云港,34.78333,119.43333,Tidal Station,CN
P2450,燕尾,Yanwei,燕尾,34.475,119.785,Tidal Station,CN
P2510,滨海港,Binhai Port,滨海港,34.26,120.29833,Tidal Station,CN
P2257,射阳河口,Sheyanghekou,射阳河口,33.81667,120.5,Tidal Station,CN
P2966,新洋港,Xinyang Port,新洋港,33.615,120.47833,Tidal Station,CN
P2372,大丰港,Dafeng Port,大丰港,33.283333,120.8,Tidal Station,CN
P2126,弶港,Jianggang,弶港,32.73333,120.86667,Tidal Station,CN
P2313,洋口港,Yangkou Port,洋口港,32.515,121.42333,Tidal Station,CN
P2919,吕四,Lusi,吕四,32.13333,121.61667,Tidal Station,CN
P2980,天生港,Tiansheng Port,天生港,32.03333,120.75,Tidal Station,CN
P2830,佘山,Sheshan,佘山,31.41667,122.23333,Tidal Station,CN
P2672,崇明,Chongming (Nanbuzhen),崇明,31.53333,121.63333,Tidal Station,CN
P2652,中浚,Zhongjun,中浚,31.11667,121.9,Tidal Station,CN
P2143,高桥,Gaoqiao,高桥,31.37667,121.56667,Tidal Station,CN
P2761,吴淞,Wusong,吴淞,31.38333,121.5,Tidal Station,CN
P2447,黄浦公园,Huangpu Park,黄浦公园,31.24333,121.48667,Tidal Station,CN
P2523,芦潮港,Lucaogang (Nanhuizui),芦潮港,30.84,121.845,Tidal Station,CN
P2739,金山嘴,Jinshanzui,金山嘴,30.73333,121.37167,Tidal Station,CN
P2880,绿华山,Lvhuashan,绿华山,30.81667,122.6,Tidal Station,CN
P2931,大戢山,Dajishan,大戢山,30.81667,122.16667,Tidal Station,CN
P2351,嵊山,Shengshan,嵊山,30.71667,122.8,Tidal Station,CN
P2794,乍浦,Zhapu,乍浦,30.59333,121.10667,Tidal Station,CN
P2177,澉浦,Ganpu,澉浦,30.37333,120.90833,Tidal Station,CN
P2337,滩浒,Tanhu,滩浒,30.61667,121.61667,Tidal Station,CN
P2419,海黄山,Haihuangshan,海黄山,30.22283,121.51567,Tidal Station,CN
P2423,长涂,Changtu,长涂,30.25,122.3,Tidal Station,CN
P2806,岱山,Daishan,岱山,30.23333,122.18333,Tidal Station,CN
P2554,西码头,Ximatou,西码头,30.11817,122.14033,Tidal Station,CN
P2998,沈家门,Shenjiamen,沈家门,29.93333,122.3,Tidal Station,CN
P2411,定海,Dinghai,定海,29.99333,122.03333,Tidal Station,CN
P2825,沥港,Ligang,沥港,30.06667,121.85,Tidal Station,CN
P2728,宁波,Ningbo,宁波,29.88333,121.55,Tidal Station,CN
P2916,镇海,Zhenhai,镇海,29.98333,121.73333,Tidal Station,CN
P2244,北仑港,Beilun Port,北仑港,29.93442,121.84833,Tidal Station,CN
P2680,崎头角,Qitoujiao,崎头角,29.907,122.1195,Tidal Station,CN
P2584,梅山,Meishan,梅山,29.82217,122.00972,Tidal Station,CN
P2559,西泽,Xize,西泽,29.61667,121.83333,Tidal Station,CN
P2793,石浦,Shipu,石浦,29.21667,121.96667,Tidal Station,CN
P2275,旗门港,Qimen Port,旗门港,29.15,121.46667,Tidal Station,CN
P2570,健跳,Jiantiao,健跳,29.03333,121.6,Tidal Station,CN
P2647,鱼山,Yushan,鱼山,28.88333,122.26667,Tidal Station,CN
P2259,下大陈,Xiadachen,下大陈,28.455,121.905,Tidal Station,CN
P2735,海门,Haimen,海门,28.68617,121.45083,Tidal Station,CN
P2286,海门港,Haimen Port,海门港,28.7,121.63333,Tidal Station,CN
P2894,东门村,Dongmen,东门村,28.33333,121.21667,Tidal Station,CN
P2159,坎门,Kanmen,坎门,28.08333,121.28333,Tidal Station,CN
P2633,大门岛,Damendao Island,大门岛,27.95,121.03833,Tidal Station,CN
P2409,温州,Wenzhou,温州,28.02833,120.625,Tidal Station,CN
P2197,瑞安,Ruian,瑞安,27.785,120.62,Tidal Station,CN
P2240,南麂山,Nanjishan,南麂山,27.465,121.06317,Tidal Station,CN
P2306,三沙,Sansha,三沙,26.91667,120.21667,Tidal Station,CN
P2134,赛岐,Saiqi,赛岐,26.96667,119.66667,Tidal Station,CN
P2532,帮门,Bangmen,帮门,26.75,119.58333,Tidal Station,CN
P2891,罗源湾(迹头),Luoyuanwan,罗源迹头,26.46667,119.68333,Tidal Station,CN
P2115,黄岐,Huangqi,黄岐,26.31806,119.88195,Tidal Station,CN
P2289,马尾,Mawei,马尾,25.96283,119.46638,Tidal Station,CN
P2414,福清湾,Fuqingwan (Songxiagang),福清湾,25.68333,119.58333,Tidal Station,CN
P2137,竹屿,Zhuyu,竹屿,25.51667,119.73333,Tidal Station,CN
P2536,郎官,Langguan,郎官,25.56667,119.3,Tidal Station,CN
P2683,闽江口-川石,Minjiangkou (Chuanshi),闽江口-川石,26.13277,119.65695,Tidal Station,CN
P2848,闽江口-琯头,Minjiangkou (Guantou),闽江口-琯头,26.13,119.55667,Tidal Station,CN
P2168,平潭,Pingtan,平潭,25.45833,119.84833,Tidal Station,CN
P2113,三江口,Sanjiangkou,三江口,25.41667,119.11667,Tidal Station,CN
P2903,秀屿,Xiuyu,秀屿,25.14833,119.02,Tidal Station,CN
P2671,梯吴,Tiwu,梯吴,25.13333,119.03333,Tidal Station,CN
P2180,崇武,Chongwu,崇武,24.87667,118.95833,Tidal Station,CN
P2780,后渚,Houzhu,后渚,24.9,118.66667,Tidal Station,CN
P2243,泉州,Quanzhou(Shihu),泉州,24.81667,118.7,Tidal Station,CN
P2912,深沪港,Shenhu Port,深沪港,24.63167,118.675,Tidal Station,CN
P2816,围头,Weitou,围头,24.51667,118.56667,Tidal Station,CN
P2849,石井,Shijing,石井,24.63412,118.4295,Tidal Station,CN
P2929,厦门,Xiamen,厦门,24.44833,118.07,Tidal Station,CN
P2350,将军澳,Jiangjunao,将军澳,24.03333,117.9,Tidal Station,CN
P2528,石码,Shima,石码,24.45083,117.81767,Tidal Station,CN
P2982,东山,Dongshan,东山,23.74333,117.52333,Tidal Station,CN
P2340,马公,Magong,马公,23.55,119.56667,Tidal Station,CN
P2334,基隆,Keelung,基隆,25.15,121.73333,Tidal Station,TW
P2598,高雄,Kaohsiung,高雄,22.6,120.28333,Tidal Station,TW
P2519,南澳岛,Nan'ao Island,南澳岛,23.4,117.1,Tidal Station,CN
P2822,潮州港,Chaozhou Port (Sanbaimen),潮州港,23.6,116.96667,Tidal Station,CN
P2781,海门,Haimen,海门,23.33333,116.73333,Tidal Station,CN
P2558,甲子,Jiazi,甲子,23.183332,116.61667,Tidal Station,CN
P2364,汕尾,Shanwei,汕尾,22.81667,116.1,Tidal Station,CN
P2646,马鞭洲,Mabianzhou(Guangshihua),马鞭洲,22.76667,115.36667,Tidal Station,CN
P2895,惠州港,Huizhou Port,惠州港,22.66667,114.65,Tidal Station,CN
P2962,大亚湾,Dayawan,大亚湾,22.695,114.565,Tidal Station,CN
P2627,大鹏湾,Dapengwan(Yantiangang),大鹏湾,22.59167,114.53417,Tidal Station,CN
P2260,香港,Hong Kong,香港,22.58833,114.27833,Tidal Station,HK
P2236,蛇口,Shekou (Chiwan),蛇口,22.3,114.16667,Tidal Station,CN
P2799,桂山岛,Guishan Island,桂山岛,22.45,113.88333,Tidal Station,CN
P2792,内伶仃岛,Nei Lingding Island,内伶仃岛,22.13333,113.81667,Tidal Station,CN
P2932,舢舨洲,Shanbanzhou,舢舨洲,22.42333,113.79917,Tidal Station,CN
P2926,深圳机场,Shenzhen Air Port,深圳机场,22.71667,113.66667,Tidal Station,CN
P2299,南沙,Nansha (Shuiniutou),南沙,22.63333,113.8,Tidal Station,CN
P2474,海沁,Haiqin,海沁,22.7461,113.5611,Tidal Station,CN
P2352,黄埔,Huangpu,黄埔,22.96667,113.53333,Tidal Station,CN
P2908,广州,Guangzhou,广州,23.09167,113.45833,Tidal Station,CN
P2945,北街,Beijie,北街,23.06667,113.26667,Tidal Station,CN
P2621,横门,Hengmen,横门,22.60388,113.11467,Tidal Station,CN
P2304,香洲,Xiangzhou,香洲,22.575,113.51833,Tidal Station,CN
P2801,九洲港,Jiuzhou Port,九洲港,22.28333,113.58333,Tidal Station,CN
P2943,澳门,Macao,澳门,22.2425,113.58362,Tidal Station,MO
P2102,东澳岛,Dong Ao Island,东澳岛,22.21797,113.55333,Tidal Station,CN
P2751,大万山,Dawanshan,大万山,22.01667,113.7,Tidal Station,CN
P2587,灯笼山,Denglongshan,灯笼山,21.93333,113.71667,Tidal Station,CN
P2619,三灶岛,Sanzaodao,三灶岛,22.23333,113.4,Tidal Station,CN
P2225,珠海港,Zhuhai Port,珠海港,22.03333,113.4,Tidal Station,CN
P2563,横山,Hengshan,横山,21.94556,113.23111,Tidal Station,CN
P2835,井岸,Jing’an,井岸,22.33333,113.18333,Tidal Station,CN
P2357,上川岛,Shangchuan Island,上川岛,22.21667,113.3,Tidal Station,CN
P2314,北津,Beijin,北津,21.75,112.76667,Tidal Station,CN
P2709,海陵山岛,Hailingshan Island,海陵山岛,21.8,112.01667,Tidal Station,CN
P2566,电白,Dianbai,电白,21.58333,111.81667,Tidal Station,CN
P2537,博贺,Bohe,博贺,21.5,111.26667,Tidal Station,CN
P2967,西葛,Xige,西葛,21.48333,111.23333,Tidal Station,CN
P2585,茂石化,Maoshihua(Shuidong Port),茂石化,21.4661,111.09694,Tidal Station,CN
P2440,硇洲岛,Naozhou Island,硇洲岛,21.478333,111.07333,Tidal Station,CN
P2582,湛江,Zhanjiang,湛江,20.9,110.55,Tidal Station,CN
P2769,下港,Xiagang,下港,21.16667,110.4,Tidal Station,CN
P2109,海安,Haian,海安,20.51667,110.53333,Tidal Station,CN
P2285,流沙,Liusha,流沙,20.22833,110.12667,Tidal Station,CN
P2117,乌石,Wushi,乌石,20.44639,109.99222,Tidal Station,CN
P2653,下泊,Xiabo,下泊,20.55,109.83333,Tidal Station,CN
P2609,东沙岛,Dongsha Island,东沙岛,21.26667,109.76667,Tidal Station,CN
P2944,海口,Haikou,海口,20.7,116.71667,Tidal Station,CN
P2590,铺前,Puqian,铺前,20.025,110.276665,Tidal Station,CN
P2483,清澜,Qinglan,清澜,20.03305,110.572,Tidal Station,CN
P2664,博鳌,Bo’ao,博鳌,19.563334,110.82166,Tidal Station,CN
P2774,新村,Xincun,新村,19.19833,110.60667,Tidal Station,CN
P2121,牙笼港,Yalonggang,牙笼港,18.415,109.97055,Tidal Station,CN
P2429,三亚,Sanya,三亚,18.22212,109.695,Tidal Station,CN
P2750,莺歌海,Yinggehai,莺歌海,18.245167,109.4975,Tidal Station,CN
P2885,东方,Dongfang(Basuo),东方,18.505,108.68833,Tidal Station,CN
P2575,洋浦,Yangpu,洋浦,19.10667,108.625,Tidal Station,CN
P2539,新盈,Xinying,新盈,19.73195,109.1875,Tidal Station,CN
P2692,马村港,Macun Port,马村港,19.9,109.51667,Tidal Station,CN
P2620,永兴岛,Yongxing Island,永兴岛,19.95972,110.02388,Tidal Station,CN
P2149,双子礁,Shuangzi Reefs,双子礁,16.83333,112.33333,Tidal Station,CN
P2428,永暑礁,Yongshu Reef,永暑礁,11.45,114.31667,Tidal Station,CN
P2669,铁山港,Tieshan Port,铁山港,21.58333,109.56667,Tidal Station,CN
P2864,涠洲岛,Weizhou Island,涠洲岛,21.01667,109.11667,Tidal Station,CN
P2462,北海,Beihai,北海,21.46667,109.05,Tidal Station,CN
P2659,龙门,Longmen,龙门,21.75,108.55,Tidal Station,CN
P2512,企沙,Qisha,企沙,21.58333,108.48333,Tidal Station,CN
P2410,炮台角,Paotaijiao,炮台角,21.56667,108.38333,Tidal Station,CN
P2284,防城港,Fangchenggang,防城港,21.6,108.33333,Tidal Station,CN
P2602,珍珠港,Zhenzhugang,珍珠港,21.51667,108.21667,Tidal Station,CN
P2488,白龙尾,Bailongwei,白龙尾,21.5,108.23333,Tidal Station,CN
P2827,钓鱼岛,Diaoyudao,钓鱼岛,25.73333,123.46667,Tidal Station,CN
P2533,黄岩岛,Huangyan Island,黄岩岛,15.11667,117.85,Tidal Station,CN
P2843,남포시,Nampo,南浦,38.683334,125.4,Tidal Station,KP
P2820,인천,Inchon,仁川,37.466667,126.6,Tidal Station,KR
P2795,군산시,Gunsan,群山,35.983334,126.71667,Tidal Station,KR
P2545,제주도,Jeju Island,济州岛,33.233334,126.55,Tidal Station,KR
P2674,부산,Busan,釜山,35.1,129.03334,Tidal Station,KR
P2673,佐世保市,Sasebo,佐世保,33.15,129.73334,Tidal Station,JP
P2290,那覇市,Naha,那霸,26.216667,127.666664,Tidal Station,JP
P2365,下関市,Simonoseki,下关,33.95,130.96666,Tidal Station,JP
P2839,呉市,Kure,吴,34.233334,132.55,Tidal Station,JP
P2374,舞鶴市,Maizuru,舞鹤,35.483334,135.4,Tidal Station,JP
P2940,神戸市,Kobe,神户,34.683334,135.2,Tidal Station,JP
P2788,横浜市,Yokohama,横滨,35.433334,139.66667,Tidal Station,JP
P2809,釜石市,Kamaisi,釜石,39.266666,141.9,Tidal Station,JP
P2348,Корсаковский порт,Korsakov Port,科尔萨科夫港,46.65,142.75,Tidal Station,RU
P2453,Prince Rupert,Prince Rupert,鲁珀特王子港,54.316666,-130.33333,Tidal Station,CA
P2412,Tofino,Tofino,托菲诺,49.15,-125.916664,Tidal Station,CA
P2230,Victoria,Victoria,维多利亚,48.416668,-123.36667,Tidal Station,CA
P2887,Vancouver Harbour,Vancouver Harbour,温哥华港,49.283333,-123.11667,Tidal Station,CA
P2212,Seattle,Seattle,西雅图,47.6,-122.333336,Tidal Station,US
P2152,Astoria,Astoria,阿斯托里亚,46.2,-123.76667,Tidal Station,US
P2617,San Francisco,San Francisco,圣弗朗西斯科,37.8,-122.45,Tidal Station,US
P2155,Los Angeles,Los Angeles,洛杉矶,33.716667,-118.26667,Tidal Station,US
P2486,San Diego,San Diego,圣迭戈,32.716667,-117.166664,Tidal Station,US
P2859,La Unión,La Unión,拉乌尼翁,13.333333,-87.816666,Tidal Station,SV
P2701,Balboa,Balboa,巴尔博亚,8.95,-79.566666,Tidal Station,PA
P2654,Valparaíso,Valparaiso,瓦尔帕莱索,-33.033333,-71.63333,Tidal Station,CL
P2937,Puerto Montt,Puerto Montt,蒙特港,-41.483334,-72.96667,Tidal Station,CL
P2927,Cabo de Hornos,Cape Horn,合恩角,-55.516666,-68.083336,Tidal Station,CL
P2950,Sungai Musi,Musi River(Outer Bar),穆西河,-2.2333333,104.933334,Tidal Station,ID
P2741,Pulau Pinang,Penang,槟城,5.4166665,100.35,Tidal Station,MY
P2949,Pelabuhan Klang,Port Klang,巴生港,3.0333333,101.35,Tidal Station,MY
P2521,Port Dickson,Port Dickson,波德申,2.5166667,101.78333,Tidal Station,MY
P2261,Batu Pahat,Batu Pahat,瓜拉巴株巴辖,1.7666667,102.88333,Tidal Station,MY
P2167,Keppel Harbour,Keppel Harbour,吉宝港口,1.2666667,103.816666,Tidal Station,SG
P2470,,Tanjung Gelang,宜兰角,3.9833333,103.416664,Tidal Station,MY
P2231,Terengganu,Trengganu,登嘉楼,5.35,103.13333,Tidal Station,MY
P2344,,Bangkok Bar,曼谷沙渚,13.45,100.6,Tidal Station,TH
P2635,Cảng Vũng Tàu,Vung Tau Port,头顿港,10.333333,107.066666,Tidal Station,VN
P2107,,Hon Nieu,宇岛,18.8,105.76667,Tidal Station,VN
P2748,Cua Cam,Cua Cam (Hon Dau),,20.666666,106.816666,Tidal Station,VN
P2626,Cebu,Cebu,宿务,10.3,123.9,Tidal Station,PH
P2658,Maynilà,Manila,马尼拉,14.583333,120.96667,Tidal Station,PH
P2114,Davao,Davao,达沃,7.0833335,125.63333,Tidal Station,PH
P2321,Jolo,Jolo,霍洛岛,6.0666666,121,Tidal Station,PH
P2778,Sandakan,Sandakan,山打根,5.8333335,118.11667,Tidal Station,MY
P2710,Labuan,Labuan,纳闽岛,5.2833333,115.25,Tidal Station,MY
P2140,,Miri,米里,4.4,113.98333,Tidal Station,MY
P2933,,Sungai Sarawak,沙捞越河,1.75,110.5,Tidal Station,MY
P2424,,Sungai Barito(Outer Bar),巴里托河,-3.5666666,114.48333,Tidal Station,ID
P2708,,Balik Papan,巴厘巴板,-1.2666667,116.8,Tidal Station,ID
P2815,,Kalimantan-Sungai Kutei,库堤河,-0.7,117.5,Tidal Station,ID
P2323,,Java-Djakarta(Tanjung Priok),雅加达,-6.1,106.86667,Tidal Station,ID
P2924,,Java-Surabaya,泗水,-7.2,112.73333,Tidal Station,ID
P2805,,Java-Karang Djamuang,卡朗查芒,-6.9333334,112.73333,Tidal Station,ID
P2356,,Papua New Port Moresby,莫尔兹比港,-9.483334,147.13333,Tidal Station,PG
P2624,,Bismarck Archipelago-Seeadler Harbour,泽阿德勒港,-2.0166667,147.26666,Tidal Station,PG
P2542,,Vanuatu-Vila Harbour,维拉港,-17.75,168.3,Tidal Station,VU
P2226,Twin Island,Twin Island,特温岛,-10.466666,142.43333,Tidal Station,AU
P2223,Thursday Island,Thursday Island,星期四岛,-10.583333,142.21666,Tidal Station,AU
P2396,Goods Island,Goods Island,古兹岛,-10.566667,142.16667,Tidal Station,AU
P2268,Townsville,Townsville,汤斯维尔,-19.25,146.83333,Tidal Station,AU
P2489,Mackay Outer Harbour,Mackay Outer Harbour,麦凯外港,-21.116667,149.23334,Tidal Station,AU
P2376,Brisbane Bar,Brisbane Bar,布里斯班沙渚,-27.366667,153.16667,Tidal Station,AU
P2227,Newcastle,Newcastle,纽卡斯尔,-32.933334,151.78334,Tidal Station,AU
P2446,Sydney,Sydney,悉尼,-33.85,151.23334,Tidal Station,AU
P2147,Port Phillip Heads,Port Phillip Heads,菲利浦港,-38.3,144.61667,Tidal Station,AU
P2548,Port Phillip(Melbourne),Port Phillip(Melbourne),菲利浦港-墨尔本,-37.866665,144.86667,Tidal Station,AU
P2921,Mersey River(Devonport),Mersey River(Devonport),莫西河,-41.183334,146.36667,Tidal Station,AU
P2154,Port Adelaide(Outer Harbour),Port Adelaide(Outer Harbour),阿德莱德外港,-34.783333,138.48334,Tidal Station,AU
P2390,Wallaroo,Wallaroo,沃拉鲁,-33.9,137.6,Tidal Station,AU
P2762,Whyalla,Whyalla,怀阿拉,-33.016666,137.6,Tidal Station,AU
P2881,Port Lincoln,Port Lincoln,林肯港,-34.716667,135.86667,Tidal Station,AU
P2989,Darwin,Darwin,达尔文,-12.466666,130.85,Tidal Station,AU
P2194,Weipa,Weipa,韦帕,-12.666667,141.88333,Tidal Station,AU
P2233,Auckland,Auckland,奥克兰,-36.85,174.76666,Tidal Station,NZ
P2179,Wellington,Wellington,惠灵顿,-41.283333,174.78334,Tidal Station,NZ
P2755,Port Lyttelton,Port Lyttelton,利特尔顿港,-43.6,172.71666,Tidal Station,NZ
P2541,Bluff,Bluff,布拉夫,-46.6,168.35,Tidal Station,NZ
P2918,Samoa-Apia,Samoa-Apia,阿皮亚,-13.816667,-171.76666,Tidal Station,WS
P2171,Suva Harbour,Suva Harbour,苏瓦港,-18.133333,178.43333,Tidal Station,FJ
P2973,Dublon Island,Dublon Island,杜布隆岛,7.366667,151.55,Tidal Station,FM
P2157,Guam,Guam,关岛,13.433333,144.65,Tidal Station,GU
P2438,Honolulu,Honolulu,火奴鲁鲁,21.3,-157.86667,Tidal Station,US
P2445,长城站,Antarctica-Great Wall Station,长城站,-62.216667,-58.95,Tidal Station,AQ
P2316,อ่าวนาง,Ao Nang,奥南,8.016666,98.833336,Tidal Station,TH
P2960,,West Coast-Pak Nam Ranong,拉廊河口,9.95,98.6,Tidal Station,TH
P2922,Port-aux-Français,Port-Aux-Francais,法兰西港,-49.35,70.21667,Tidal Station,FR
P2588,မြိတ်မြို့,Mergui,丹老,12.433333,98.6,Tidal Station,MM
P2388,,Elephant Point,象角,16.483334,96.3,Tidal Station,MM
P2636,চট্টগ্রাম,Chittagong,吉大港,22.333334,91.833336,Tidal Station,BD
P2229,,Sagar Roads,萨格尔锚地,21.65,88.05,Tidal Station,IN
P2384,चेन्नई,Chennai,金奈,13.1,80.3,Tidal Station,IN
P2478,ත්‍රිකුණාමළය,Trincomalee,亭可马里,8.55,81.21667,Tidal Station,LK
P2599,කොළඹ,Colombo,科伦坡,6.95,79.85,Tidal Station,LK
P2508,,Kochi,戈奇,9.966666,76.26667,Tidal Station,IN
P2668,मुम्बई,Mumbai,孟买,18.916666,72.833336,Tidal Station,IN
P2747,भावनगर,India -Bhavnagar,巴夫那加尔,21.75,72.23333,Tidal Station,IN
P2141,بندر گاہ محمد بن قاسم (Entrance),Port Qasim(Entrance),卡西姆港-入口,24.7,67.15,Tidal Station,PK
P2239,بندر گاہ محمد بن قاسم (Pipri),Pakistan-Muhammed Bin Qasim Port (Pipri),卡西姆港-Pipri,24.783333,67.35,Tidal Station,PK
P2405,کراچی ,Karachi,卡拉奇,24.8,66.96667,Tidal Station,PK
P2963,پسنى,Pasni,伯斯尼,25.266666,63.483334,Tidal Station,PK
P2865,گوادر,Gwadar,瓜德尔,25.116667,62.333332,Tidal Station,PK
P2105,,Bandar Shahid Rejaie,沙希德拉贾伊港,27.1,56.066666,Tidal Station,IR
P2970,جزیره خارک,Kharg Island,哈尔克岛,29.266666,50.333332,Tidal Station,IR
P2505,,Khowr-E Musa Bar,穆萨湾,30,49.05,Tidal Station,IR
P2623,شط العرب (Outer Bar),Shatt al-Arab (Outer Bar),阿拉伯河,29.833334,48.716667,Tidal Station,IQ
P2637,,Mina Al Ahmadi,艾哈迈迪港,29.066668,48.166668,Tidal Station,KW
P2295,,Mina Saud,塞欧德港,28.733334,48.4,Tidal Station,SA
P2516,رأس تنورة,Saudi Arabia-Ras Tannurah,拉斯坦努拉,26.633333,50.166668,Tidal Station,SA
P2685,ميناء سلمان ,Mina Salman,塞勒曼港,26.2,50.6,Tidal Station,BH
P2997,,Musayid(Outer Channel Entrance),乌姆赛义德,25.033333,51.65,Tidal Station,QA
P2976,ميناء جبل علي,Mina Jebel Ali,杰贝阿里港,25,55.05,Tidal Station,AE
P2752,ميناء قابوس,Port Sultan Qaboos,卡布斯苏丹港,23.616667,58.566666,Tidal Station,OM
P2452,عدن,Aden,亚丁,12.783334,44.983334,Tidal Station,YE
P2986,جمهوريه جيبوتي,Djibouti,吉布提,11.583333,43.15,Tidal Station,DJ
P2381,السويس,Suez,苏伊士,29.933332,32.55,Tidal Station,EG
P2407,Venezia,Venice,威尼斯,45.433334,12.333333,Tidal Station,IT
P2686,صفاقس,Sfax,斯法克斯,34.733334,10.766666,Tidal Station,TN
P2287,Toulon,Toulon,土伦,43.116665,5.9166665,Tidal Station,FR
P2394,Gibraltar,Gibraltar,直布罗陀,36.133335,-5.35,Tidal Station,GI
P2984,Lisboa,Lisbon,里斯本,38.716667,-9.116667,Tidal Station,PT
P2832,Pointe de Grave,Pointe de Grave,格拉沃角,45.566666,-1.0666667,Tidal Station,FR
P2807,La Pallice,La Pallice,拉罗谢尔－帕利斯,46.166668,-1.2166667,Tidal Station,FR
P2757,Saint-Nazaire,Saint-Nazaire,圣纳泽尔,47.266666,-2.2,Tidal Station,FR
P2308,Brest,Brest,布雷斯特,48.383335,-4.5,Tidal Station,FR
P2324,Saint-Malo,Saint-Malo,圣马洛,48.633335,-2.0333333,Tidal Station,FR
P2158,St-Helier,St-Helier,圣赫利尔 ,49.183334,-2.1166666,Tidal Station,JE
P2370,Cherbourg,Cherbourg,瑟堡,49.65,-1.6333333,Tidal Station,FR
P2493,Le Havre,Le Havre,勒阿弗尔,49.483334,0.11666667,Tidal Station,FR
P2108,Dieppe,Dieppe,迪耶普,49.933334,1.0833334,Tidal Station,FR
P2283,Boulogne,Boulogne,布洛涅,50.733334,1.5833334,Tidal Station,FR
P2198,Calais,Calais,加来,50.966667,1.85,Tidal Station,FR
P2190,Dunkerque,Dunkerque,敦刻尔克,51.05,2.3666666,Tidal Station,FR
P2847,Dover,Dover,多佛尔,51.116665,1.3166667,Tidal Station,GB
P2466,Margate,Margate,马盖特,51.383335,1.3833333,Tidal Station,GB
P2507,Sheerness,Sheerness,希尔内斯,51.45,0.75,Tidal Station,GB
P2379,London Bridge,London Bridge,伦敦桥,51.5,-0.08333333,Tidal Station,GB
P2252,Walton-On-The-Naze,Walton-On-The-Naze,内兹岬附近－沃尔顿,51.85,1.2833333,Tidal Station,GB
P2213,Harwich,Harwich,哈里奇,51.95,1.2833333,Tidal Station,GB
P2719,Lowestoft,Lowestoft,洛斯托夫特,52.466667,1.75,Tidal Station,GB
P2629,Immingham,Immingham,伊明赫姆,53.633335,-0.18333334,Tidal Station,GB
P2163,River Tees Entrance,River Tees Entrance,蒂斯河口,54.633335,-1.15,Tidal Station,GB
P2906,River Tyne(North Shields),River Tyne(North Shields),泰恩河畔,55,-1.4333333,Tidal Station,GB
P2136,Leith,Leith,利斯,55.983334,-3.1833334,Tidal Station,GB
P2401,Rosyth,Rosyth,罗赛斯,56.016666,-3.45,Tidal Station,GB
P2406,Aberdeen,Aberdeen,阿伯丁,57.15,-2.0666666,Tidal Station,GB
P2564,Lerwick,Lerwick,勒威克,60.15,-1.1333333,Tidal Station,GB
P2269,Oban,Oban,奥本,56.416668,-5.483333,Tidal Station,GB
P2279,Greenock,Greenock,格里诺克,55.95,-4.766667,Tidal Station,GB
P2148,Liverpool,Liverpool,利物浦,53.4,-3.0166667,Tidal Station,GB
P2211,Holyhead,Holyhead,霍利黑德,53.316666,-4.616667,Tidal Station,GB
P2506,Milford Haven,Milford Haven,米尔福德港,51.7,-5.05,Tidal Station,GB
P2339,Swansea,Swansea,斯旺西,51.616665,-3.9166667,Tidal Station,GB
P2427,Port Of Bristol(Avonmouth),Port Of Bristol(Avonmouth),布里斯托尔港,51.5,-2.7333333,Tidal Station,GB
P2221,Dublin,Dublin,都柏林,53.35,-6.2166667,Tidal Station,IE
P2151,Belfast,Belfast,贝尔法斯特,54.6,-5.9166665,Tidal Station,GB
P2124,River Foyle(Lisahally),River Foyle(Lisahally),福伊尔河,55.05,-7.266667,Tidal Station,GB
P2840,Galway,Galway,戈尔韦,53.266666,-9.05,Tidal Station,IE
P2383,River Shannon(Tarbert Island),River Shannon(Tarbert Island),香农河,52.583332,-9.35,Tidal Station,IE
P2915,Cobh,Cobh,科夫,51.85,-8.3,Tidal Station,IE
P2899,Plymouth(Devonport),Plymouth(Devonport),普利茅斯,50.366665,-4.1833334,Tidal Station,GB
P2280,Portland,Portland,波特兰,50.566666,-2.4333334,Tidal Station,GB
P2928,Southampton,Southampton,南安普敦,50.883335,-1.4,Tidal Station,GB
P2796,Portsmouth,Portsmouth,朴次茅斯,50.8,-1.1166667,Tidal Station,GB
P2156,Shoreham,Shoreham,肖勒姆,50.833332,-0.25,Tidal Station,GB
P2754,Antwerpen,Antwerp,安特卫普,51.35,4.233333,Tidal Station,BE
P2160,Vlissingen,Vlissingen(Flushing),弗利辛恩,51.45,3.6,Tidal Station,NL
P2330,Hoek Van Holland,Hoek Van Holland,荷兰角,51.983334,4.116667,Tidal Station,NL
P2265,Wilhelmshaven,Wilhelmshaven,威廉港,53.516666,8.15,Tidal Station,DE
P2175,Cuxhaven,Cuxhaven,库克斯港,53.866665,8.716666,Tidal Station,DE
P2837,Helgoland,Helgoland,黑尔戈兰,54.183334,7.883333,Tidal Station,DE
P2622,Esbjerg,Esbjerg,埃斯比约,55.466667,8.45,Tidal Station,DK
P2421,Bergen,Bergen,卑尔根,60.4,5.3,Tidal Station,NO
P2957,Trondheim,Trondheim,特隆赫姆,63.433334,10.433333,Tidal Station,NO
P2178,Rorvik,Rorvik,勒尔维克,64.86667,11.25,Tidal Station,NO
P2691,Narvik,Narvik,纳尔维克,68.433334,17.416666,Tidal Station,NO
P2441,,Yekaterininskiy (Kolskiy Zaliv),叶卡捷琳宁斯基,69.2,33.466667,Tidal Station,RU
P2797,,Port Of Kem ,凯姆港,64.98333,34.783333,Tidal Station,RU
P2209,,Reykjavik,雷克雅未克,64.15,-21.933332,Tidal Station,IS
P2524,,Malvinas (Falkland) Islands-Puerto Argentina,阿根廷港,-51.683334,-57.866665,Tidal Station,FK
P2746,,Cape Horn(Orange Bay),合恩角-奥兰治湾,-55.516666,-68.083336,Tidal Station,CL
P2112,,Punta Loyola,洛约拉角,-51.6,-69.01667,Tidal Station,AR
P2266,,Puerto Madryn,马德林港,-42.766666,-65.03333,Tidal Station,AR
P2586,,Puerto Belgrano,贝尔格拉诺港,-38.9,-62.1,Tidal Station,AR
P2875,Buenos Aires,Buenos Aires,布宜诺斯艾利斯,-34.566666,-58.383335,Tidal Station,AR
P2125,,Santos,桑托斯,-23.95,-46.316666,Tidal Station,BR
P2901,,Rio De Janeiro,里约热内卢,-22.9,-43.166668,Tidal Station,BR
P2902,,Recife,累西腓,-8.05,-34.866665,Tidal Station,BR
P2936,Îles du Salut,Iles Du Salut,萨吕群岛,5.2833333,-52.583332,Tidal Station,FR
P2770,,Suriname Rivier Entrance,苏里南河口,6,-55.233334,Tidal Station,SR
P2491,,Georgetown,乔治敦,6.8333335,-58.166668,Tidal Station,GY
P2184,,Punta Gorda,蓬塔戈尔达,10.166667,-62.633335,Tidal Station,VE
P2166,,Port Of Spain,西班牙港,10.65,-61.516666,Tidal Station,TT
P2704,,Amuay,阿穆艾,11.75,-70.21667,Tidal Station,VE
P2767,,Maracaibo Approaches(Malecon),马拉开波,11,-71.583336,Tidal Station,VE
P2979,,Colon,科隆,9.35,-79.916664,Tidal Station,PA
P2145,Fort-de-France,Fort-de-France,法兰西堡,14.583333,-61.05,Tidal Station,FR
P2469,Pointe-à-Pitre,Pointe-A-Pitre,皮特尔角城,16.233334,-61.533333,Tidal Station,FR
P2772,,San Juan,圣胡安,18.466667,-66.01667,Tidal Station,PR
P2250,,Santiago,圣地亚哥,20.016666,-75.833336,Tidal Station,CU
P2607,,Matanzas,马坦萨斯,23.066668,-81.55,Tidal Station,CU
P2657,,Maisi,迈西,20.233334,-74.15,Tidal Station,HT
P2404,Bermuda,Bermuda(St.Georges Island),百慕大,32.383335,-64.7,Tidal Station,BM
P2463,Galveston,Galveston,加尔维斯顿,29.316668,-94.8,Tidal Station,US
P2309,Mobile,Mobile,莫比尔,30.683332,-88.03333,Tidal Station,US
P2369,Key West,Key West,基韦斯特,24.55,-81.8,Tidal Station,US
P2413,Miami Harbor Entrance,Miami Harbor Entrance,迈阿密港,25.766666,-80.13333,Tidal Station,US
P2294,Charleston,Charleston,查尔斯顿,32.783333,-79.916664,Tidal Station,US
P2968,Hampton Roads,Hampton Roads,汉普顿锚地,36.95,-76.333336,Tidal Station,US
P2320,"Washington,D.C.","Washington,D.C.",华盛顿特区,38.866665,-77.01667,Tidal Station,US
P2328,Philadelphia,Philadelphia,费城,39.95,-75.13333,Tidal Station,US
P2435,Sandy Hook,Sandy Hook,桑迪胡克,40.466667,-74.01667,Tidal Station,US
P2956,Boston,Boston,波士顿,42.35,-71.05,Tidal Station,US
P2282,"Saint John,N.B.","Saint John,N.B.",圣约翰,45.266666,-66.066666,Tidal Station,CA
P2850,Yarmouth,Yarmouth,雅茅斯,43.833332,-66.11667,Tidal Station,CA
P2492,Halifax,Halifax,哈利法克斯,44.666668,-63.583332,Tidal Station,CA
P2696,Northumberland Strait-Pictou,Northumberland Strait-Pictou,诺森伯兰海峡－皮克图,45.683334,-62.7,Tidal Station,CA
P2844,Rustico,Rustico,拉斯蒂科,46.466667,-63.283333,Tidal Station,CA
P2583,Pointe-Au-Pere,Pointe-Au-Pere,佩尔角,48.516666,-68.46667,Tidal Station,CA
P2714,Quebec,Quebec,魁北克,46.833332,-71.166664,Tidal Station,CA
P2237,Sept Iles,Sept Iles,七岛港,50.216667,-66.4,Tidal Station,CA
P2667,Harrington Harbour,Harrington Harbour,哈灵顿港,50.5,-59.483334,Tidal Station,CA
P2392,Port Aux Basques,Port Aux Basques,巴斯克斯港,47.583332,-59.15,Tidal Station,CA
P2676,Argentia,Argentia,阿真舍,47.3,-53.983334,Tidal Station,CA
P2641,St.Johns Harbour,St.Johns Harbour,圣约翰斯港,47.566666,-52.7,Tidal Station,CA
P2546,Frobisher,Frobisher,弗罗比舍,63.716667,-68.53333,Tidal Station,CA
P2457,,Godthaab,戈特霍布,64.183334,-51.75,Tidal Station,GL
P2291,,Angmagssalik,昂马沙利克,65.61667,-37.616665,Tidal Station,GL
P2904,,Finsch Island,芬什岛,73.98333,-21.133333,Tidal Station,GL
P2331,Santa Cruz das Flores,Santa Cruz das Flores,圣克鲁斯,39.45,-31.116667,Tidal Station,PT
P2465,,Azores-Ponta Delgada,蓬塔德尔加达,37.733334,-25.666666,Tidal Station,PT
P2729,,Porto Do Funchal,丰沙尔港,32.633335,-16.9,Tidal Station,PT
P2730,,Porto Grande De S.Vicente,圣维森特大港,16.883333,-25,Tidal Station,CV
P2206,,Dar-El-Beida(Casablanca),达尔贝达,33.6,-7.616667,Tidal Station,MA
P2241,,Nouakchott,努瓦克肖特,18.033333,-16.033333,Tidal Station,MR
P2132,,Dakar,达喀尔,14.666667,-17.416666,Tidal Station,SN
P2975,,Bissau-Ilheu De Caio,卡约岛,11.833333,-16.316668,Tidal Station,GW
P2833,,Bissau-Porto De Bubaque,布巴克港,11.3,-15.833333,Tidal Station,GW
P2994,,Conakry,科纳克里,9.5,-13.716666,Tidal Station,GN
P2765,,Sierra Leone-Freetown,弗里敦,8.5,-13.233334,Tidal Station,SL
P2999,,Cote Divoire-Abidjan,阿比让,5.25,-4,Tidal Station,CI
P2823,,Takoradi,塔科拉迪,4.883333,-1.75,Tidal Station,GH
P2215,,Bonny Town,邦尼镇,4.45,7.1666665,Tidal Station,NG
P2561,,Douala,杜阿拉,4.05,9.666667,Tidal Station,CM
P2655,,Baia De S.Antonio,圣安东尼奥湾,1.65,7.4166665,Tidal Station,ST
P2258,,Baia De Ana Chaves,安娜沙维什湾,0.35,6.75,Tidal Station,ST
P2577,,Libreville,利伯维尔,0.38333333,9.433333,Tidal Station,GA
P2856,,Pointe Noire,黑角,-4.7833333,11.833333,Tidal Station,CG
P2274,,Porto De Luanda,罗安达港,-8.783334,13.233334,Tidal Station,AO
P2690,,Porto Do Lobito,洛比托港,-12.333333,13.566667,Tidal Station,AO
P2514,,Walvis Bay,鲸湾港,-22.95,14.5,Tidal Station,NA
P2812,,Cape Town,开普敦,-33.9,18.433332,Tidal Station,ZA
P2698,,East London,东伦敦,-33.033333,27.916666,Tidal Station,ZA
P2596,,Durban,德班,-29.866667,31.05,Tidal Station,ZA
P2858,,Porto Do Maputo,马普托港,-25.983334,32.566666,Tidal Station,MZ
P2771,,Beira,贝拉,-19.816668,34.833332,Tidal Station,MZ
P2917,,Porto De Mocambique,莫桑比克港,-15.033334,40.733334,Tidal Station,MZ
P2854,,Andoany,安杜阿尼,-13.4,48.3,Tidal Station,MG
P2358,,Toliara,图莱亚尔,-23.383333,43.666668,Tidal Station,MG
P2476,,Toamasina,图阿马西纳,-18.133333,49.433334,Tidal Station,MG
P2978,,Antsiranana,安采拉纳纳,-12.25,49.316666,Tidal Station,MG
P2625,,Pointe Des Galets,加莱角,-20.916666,55.283333,Tidal Station,RE
P2863,,Dzaoudzi,藻德济,-12.783334,45.25,Tidal Station,FR
P2614,,Port Victoria,维多利亚港,-4.616667,55.45,Tidal Station,SC
P2296,,Dar Es Salaam,达累斯萨拉姆,-6.8333335,39.283333,Tidal Station,TZ
P2525,,Kilindini,基林迪尼,-4.0666666,39.65,Tidal Station,KE
P2218,花蓮縣吉安鄉,Ji‘An Township,花莲县吉安乡,23.9424,121.6125,Tidal Station,TW
P2775,第三核能發電廠出水口,Maanshan Nuclear Power Plant,第三核能发电厂出水口,21.931,120.748,Tidal Station,TW
P2930,梗枋漁港,Fishing Port Terrier,梗枋渔港,24.903,121.871,Tidal Station,TW
P2322,船帆石潛點,Dive Site Sail Rock,船帆石潜点,21.931,120.823,Tidal Station,TW
P2389,屏東縣琉球鄉,Liuqiu Township Pingtung County,屏东县琉球乡,22.3533,120.3833,Tidal Station,TW
P2777,下山漁港,,下山渔港,23.137,120.113,Tidal Station,TW
P2522,金門縣金寧鄉,Jinning Township Kinmen County,金门县金宁乡,24.4617,118.2975,Tidal Station,TW
P2632,通霄海水浴場,,通霄海水浴场,24.4928,120.6736,Tidal Station,TW
P2713,興達漁港,Xingda Fishing Port,兴达渔港,22.863,120.196,Tidal Station,TW
P2610,新竹市北區,North District Hsinchu City,新竹市北区,24.8486,120.9206,Tidal Station,TW
P2343,翡翠灣海水浴場,Beach Emerald Bay,翡翠湾海水浴场,25.1872,121.6841,Tidal Station,TW
P2913,小港臨海新村漁港,Fishing Port Xiaogang Linhai New Village,小港临海新村渔港,22.545,120.344,Tidal Station,TW
P2628,龜灣海域潛點,Dive In Turtle Bay,龟湾海域潜点,22.625,121.475,Tidal Station,TW
P2550,紅柴坑漁港,Hung Chai Hang A Fishing Port,红柴坑渔港,21.972,120.716,Tidal Station,TW
P2873,苗栗縣苑裡鎮,Yuanli Township Miaoli County,苗栗县苑里镇,24.456,120.6217,Tidal Station,TW
P2204,苗栗縣竹南鎮,Zhunan Township Miaoli County,苗栗县竹南镇,24.7117,120.8537,Tidal Station,TW
P2920,沙港東漁港,East Shagang Fishing Port,沙港东渔港,23.604,119.631,Tidal Station,TW
P2129,中角沙珠灣,Sand Pearl Bay Central Point Surfing,中角沙珠湾,25.237,121.636,Tidal Station,TW
P2725,龜吼漁港,Fishing Port Turtle Roar,龟吼渔港,25.196,121.688,Tidal Station,TW
P2342,白砂,Surf White Sand,白砂,21.933,120.719,Tidal Station,TW
P2834,西子灣海水浴場,Xizi Bay Beach,西子湾海水浴场,22.625,120.2648,Tidal Station,TW
P2120,福隆海水浴場,Beach Fulong,福隆海水浴场,25.018,121.9433,Tidal Station,TW
P2687,白沙崙漁港,Baishalun,白沙仑渔港,22.915,120.181,Tidal Station,TW
P2824,崎頂海水浴場,Sea Bathing Beach Qiding,崎顶海水浴场,24.7228,120.8656,Tidal Station,TW
P2838,新北市貢寮區,Gongliao District New Taipei City,新北市贡寮区,25.0217,121.95,Tidal Station,TW
P2298,外木山漁港,Waimushan Fishing Port,外木山渔港,25.16,121.734,Tidal Station,TW
P2946,澎湖縣西嶼鄉,Xiyu Township Penghu County,澎湖县西屿乡,23.6041,119.5,Tidal Station,TW
P2349,淡水第二漁港,Fishing Port Tamsui No. 2,淡水第二渔港,25.183,121.409,Tidal Station,TW
P2756,馬公漁港,Fishing Port Magong,马公渔港,23.566,119.574,Tidal Station,TW
P2990,瑞濱隧道與水湳洞之間,Between Ruibin Tunnel And Shuinan Cave,瑞滨隧道与水湳洞之间,25.1216,121.8226,Tidal Station,TW
P2255,烏石漁港,Fishing Port Wushi,乌石渔港,24.868,121.836,Tidal Station,TW
P2363,高雄港旗后山一港口護岸,Sea Fishing Kaohsiung Port Banner Houshan No. 1 Harbor Revetment,高雄港旗后山一港口护岸,22.616,120.2654,Tidal Station,TW
P2292,高雄市梓官區,Ziguan District Kaohsiung City,高雄市梓官区,22.7478,120.2379,Tidal Station,TW
P2898,福澳漁港,Fuk O Fishing Port,福澳渔港,26.159,119.942,Tidal Station,TW
P2203,花蓮縣新城鄉,Xincheng Township Hualien County,花莲县新城乡,24.039,121.6343,Tidal Station,TW
P2905,雲林縣四湖鄉,Sihu Township Yunlin County,云林县四湖乡,23.6186,120.1375,Tidal Station,TW
P2782,臺南市南區,South District Tainan City,台南市南区,22.9482,120.1605,Tidal Station,TW
P2870,宜蘭縣南澳鄉,Nan Ao Township Yilan County,宜兰县南澳乡,24.4149,121.8068,Tidal Station,TW
P2263,臺南市七股區,Chigu District Tainan City,台南市七股区,23.1371,120.0734,Tidal Station,TW
P2722,鹽埔漁港,Sea Fishing Yanpu Fishing Port,盐埔渔港,22.4742,120.4381,Tidal Station,TW
P2592,高雄市前鎮區,Qianzhen District Kaohsiung City,高雄市前镇区,22.5605,120.2999,Tidal Station,TW
P2325,後壁湖遊艇港東側潛點,Diving Site Houbihu Yacht Harbor East Side,后壁湖游艇港东侧潜点,21.946,120.747,Tidal Station,TW
P2819,港口,Surf Port,港口,21.989,120.848,Tidal Station,TW
P2852,宜蘭縣壯圍鄉,Zhuangwei Township Yilan County,宜兰县壮围乡,24.7597,121.8426,Tidal Station,TW
P2116,彰化縣福興鄉,Fuxing Township Changhua County,彰化县福兴乡,24.0457,120.3588,Tidal Station,TW
P2270,箔子寮漁港,Foilziliao Fishing Port,箔子寮渔港,23.619,120.136,Tidal Station,TW
P2768,吉貝海園海水浴場,Jibei Sea Garden,吉贝海园海水浴场,23.7332,119.6032,Tidal Station,TW
P2700,臺東縣臺東市,Taitung City Taitung County,台东县台东市,22.7908,121.1931,Tidal Station,TW
P2829,彰化縣芳苑鄉,Fangyuan Township Changhua County,彰化县芳苑乡,23.9683,120.3145,Tidal Station,TW
P2791,龍洞南口海水浴場,South Exit Of Longdong Beach,龙洞南口海水浴场,25.102,121.9181,Tidal Station,TW
P2425,臺中港100號碼頭,Sea Fishing Taichung Harbor Pier 100,台中港100号码头,24.2223,120.4843,Tidal Station,TW
P2253,澎湖港龍門尖山碼頭區,Sea Fishing Penghu Port Longmen Jianshan Wharf Area,澎湖港龙门尖山码头区,23.5595,119.672,Tidal Station,TW
P2569,大灣,Surfing The Great Bay,大湾,21.944,120.795,Tidal Station,TW
P2317,龍鳳漁港,Fishing Port Longfeng,龙凤渔港,24.699,120.857,Tidal Station,TW
P2164,將軍漁港,Fishing Port General,将军渔港,23.212,120.086,Tidal Station,TW
P2380,港澳水域遊憩活動範圍A、C區,Areas A And C Of Recreational Activities In Surfing Hong Kong And Macau Waters,港澳水域游憩活动范围A、C区,24.88,121.846,Tidal Station,TW
P2634,桃園市新屋區,Xinwu District Taoyuan City,桃园市新屋区,24.9844,121.0046,Tidal Station,TW
P2234,磯崎海水浴場,Isozaki,矶崎海水浴场,23.7006,121.5496,Tidal Station,TW
P2251,外埔漁港,Fishing Port  Waipu,外埔渔港,24.651,120.771,Tidal Station,TW
P2170,花蓮漁港,Fishing Port Hualien,花莲渔港,24,121.638,Tidal Station,TW
P2150,高雄市左營區,Zuoying District Kaohsiung City,高雄市左营区,22.6958,120.2496,Tidal Station,TW
P2642,桃園市蘆竹區,Luzhu District Taoyuan City,桃园市芦竹区,25.1207,121.2801,Tidal Station,TW
P2434,竹圍漁港,Zhuwei Fishing Port,竹围渔港,25.1171,121.2414,Tidal Station,TW
P2893,臺中市清水區,Qingshui District Taichung City,台中市清水区,24.3331,120.5418,Tidal Station,TW
P2831,新港漁港,Xingang A Fishing Port,新港渔港,23.097,121.379,Tidal Station,TW
P2329,望海巷漁港,Fishing Port Wanghai Lane,望海巷渔港,25.138,121.802,Tidal Station,TW
P2779,嘉義縣布袋鎮,Budai Township Chiayi County,嘉义县布袋镇,23.3889,120.1443,Tidal Station,TW
P2315,屏東縣滿州鄉,Manzhou Township Pingtung County,屏东县满州乡,22.0463,120.8962,Tidal Station,TW
P2518,新金山海水浴場,Beach Xinjinshan,新金山海水浴场,25.2249,121.6433,Tidal Station,TW
P2663,連江縣南竿鄉,Nangan Township Lianjiang County,连江县南竿乡,26.1617,119.9428,Tidal Station,TW
P2302,澳底漁港,Aodi Fishing Port,澳底渔港,25.058,121.927,Tidal Station,TW
P2677,新北市淡水區,Tamsui District New Taipei City,新北市淡水区,25.1915,121.414,Tidal Station,TW
P2123,南雅漁港,Nanya Fishing Port,南雅渔港,25.122,121.887,Tidal Station,TW
P2787,風吹砂,Surf Wind Blowing Sand,风吹砂,21.949,120.842,Tidal Station,TW
P2183,吉貝漁港,Fishing Port  Jibe,吉贝渔港,23.74,119.613,Tidal Station,TW
P2589,後灣潛點,Back Bay,后湾潜点,22.041,120.694,Tidal Station,TW
P2846,澎湖縣望安鄉,Wang An Township Penghu County,澎湖县望安乡,23.3612,119.5097,Tidal Station,TW
P2553,臺中市龍井區,Longjing District Taichung City,台中市龙井区,24.226,120.4642,Tidal Station,TW
P2941,南灣海水浴場,Beach South Bay,南湾海水浴场,21.9604,120.7613,Tidal Station,TW
P2238,臺中港北防波堤,Sea Fishing Taichung Harbor North Breakwater,台中港北防波堤,24.2964,120.4947,Tidal Station,TW
P2272,高雄市彌陀區,Mi Tuo District Kaohsiung City,高雄市弥陀区,22.7761,120.2211,Tidal Station,TW
P2216,臺中市大甲區,Dajia District Taichung City,台中市大甲区,24.4015,120.5809,Tidal Station,TW
P2804,金樽漁港,Fishing Port Jinzun,金樽渔港,22.954,121.292,Tidal Station,TW
P2923,臺東縣東河鄉,Donghe Township Taitung County,台东县东河乡,22.945,121.292,Tidal Station,TW
P2456,東澳烏石鼻,Sea Fishing Dongao Wushibi,东澳乌石鼻,24.4816,121.8576,Tidal Station,TW
P2504,花蓮縣豐濱鄉,Fengbin Township Hualien County,花莲县丰滨乡,23.4947,121.5061,Tidal Station,TW
P2538,臺東縣長濱鄉,Changbin Township Taitung County,台东县长滨乡,23.3109,121.4547,Tidal Station,TW
P2189,石梯港,Sea Fishing Shiti Harbor,石梯港,23.4924,121.5055,Tidal Station,TW
P2310,七美漁港,Nanmei Fishing Port,七美渔港,23.194,119.42,Tidal Station,TW
P2720,安平漁港,Anping,安平渔港,22.99,120.154,Tidal Station,TW
P2878,伽藍漁港,Fishing Port Jialan,伽蓝渔港,22.791,121.193,Tidal Station,TW
P2347,宜蘭縣五結鄉,Wujie Township Yilan County,宜兰县五结乡,24.6804,121.842,Tidal Station,TW
P2721,安平港北防波堤,Sea Fishing Anping Port North Breakwater,安平港北防波堤,22.9699,120.1525,Tidal Station,TW
P2718,鎮港漁港,Fishing Port Town Port,镇港渔港,23.642,119.601,Tidal Station,TW
P2361,外木山,Sea Fishing Waimu Mountain,外木山,25.1593,121.7331,Tidal Station,TW
P2444,八斗子漁港,Badouzi Fishing Port,八斗子渔港,25.147,121.79,Tidal Station,TW
P2740,屏東縣恆春鎮,Hengchun Township Pingtung County,屏东县恒春镇,21.9458,120.7453,Tidal Station,TW
P2871,金門縣烈嶼鄉,Lieyu Township Kinmen County,金门县烈屿乡,24.4266,118.2679,Tidal Station,TW
P2551,連江縣莒光鄉,Juguang Township Lianjiang County,连江县莒光乡,25.9642,119.96,Tidal Station,TW
P2174,台子村漁港,Fishing Port Taizi Village,台子村渔港,23.561,120.139,Tidal Station,TW
P2485,五條港漁港,Gojo Port,五条港渔港,23.722,120.171,Tidal Station,TW
P2910,枋寮漁港,Fishing Port Fangliao,枋寮渔港,22.363,120.593,Tidal Station,TW
P2715,深澳,Sea Fishing In Shenao,深澳,25.1341,121.8212,Tidal Station,TW
P2511,宜蘭縣蘇澳鎮,Suao Township Yilan County,宜兰县苏澳镇,24.5925,121.8669,Tidal Station,TW
P2176,眺石,Dive Point Overlooking Rock,眺石,21.957,120.767,Tidal Station,TW
P2618,大安海水域場B區,Area B Of Surfing Da An Sea Water Course,大安海水域场B区,24.388,120.584,Tidal Station,TW
P2498,通霄漁港,Fishing Port Tongxiao,通霄渔港,24.49694,120.6734,Tidal Station,TW
P2224,高雄市永安區,Yongan District Kaohsiung City,高雄市永安区,22.8189,120.1975,Tidal Station,TW
P2271,臺東縣大武鄉,Dawu Township Taitung County,台东县大武乡,22.3375,120.8972,Tidal Station,TW
P2630,大安海水浴場,Beach Daan,大安海水浴场,24.3839,120.5841,Tidal Station,TW
P2888,屏東縣佳冬鄉,Jiadong Township Pingtung County,屏东县佳冬乡,22.3645,120.5869,Tidal Station,TW
P2199,後寮漁港,Houliao A Fishing Port,后寮渔港,23.672,119.569,Tidal Station,TW
P2501,臺東縣太麻里鄉,Taimali Township Taitung County,台东县太麻里乡,22.5794,121.0045,Tidal Station,TW
P2153,安平港南防波堤,Sea Fishing Anping Port South Breakwater,安平港南防波堤,22.9622,120.1566,Tidal Station,TW
P2836,屏東縣林邊鄉,Linbian Township Pingtung County,屏东县林边乡,22.4283,120.4795,Tidal Station,TW
P2186,菜園漁港,Fishing Port Vegetable Garden,菜园渔港,23.549,119.595,Tidal Station,TW
P2731,屏東縣車城鄉,Checheng Township Pingtung County,屏东县车城乡,22.0932,120.713,Tidal Station,TW
P2789,新北市萬里區,Wanli District New Taipei City,新北市万里区,25.2111,121.6892,Tidal Station,TW
P2242,琉球新漁港,Fishing Port Ryukyu New,琉球新渔港,22.335,120.375,Tidal Station,TW
P2678,鼻頭漁港,Fishing Port Nose,鼻头渔港,25.124,121.915,Tidal Station,TW
P2948,芭崎牛寮坑,Sea Fishing Baqi Niuliao Pit,芭崎牛寮坑,23.729,121.559,Tidal Station,TW
P2219,屏東縣東港鎮,Donggang Township Pingtung County,屏东县东港镇,22.465,120.4383,Tidal Station,TW
P2201,澎湖縣湖西鄉,Huxi Township Penghu County,澎湖县湖西乡,23.6105,119.6188,Tidal Station,TW
P2547,新北市八里區,Bali District New Taipei City,新北市八里区,25.1567,121.3717,Tidal Station,TW
P2744,屏東縣牡丹鄉,Peony Township Pingtung County,屏东县牡丹乡,22.1487,120.8922,Tidal Station,TW
P2552,臺南市安平區,Anping District Tainan City,台南市安平区,22.9786,120.1758,Tidal Station,TW
P2711,高雄港第10船渠,Sea Fishing Kaohsiung Harbor No. 10 Canal,高雄港第10船渠,22.5503,120.3203,Tidal Station,TW
P2889,通樑漁港,Fishing Port Tongliang,通梁渔港,23.656,119.556,Tidal Station,TW
P2467,正濱漁港,Fishing Port Zhengbin,正滨渔港,25.153,121.765,Tidal Station,TW
P2267,彰化縣鹿港鎮,Lukang Town Changhua County,彰化县鹿港镇,24.094,120.3618,Tidal Station,TW
P2896,雲林縣臺西鄉,Taixi Township Yunlin County,云林县台西乡,23.7474,120.165,Tidal Station,TW
P2857,新北市石門區,Shimen District New Taipei City,新北市石门区,25.2936,121.5314,Tidal Station,TW
P2111,和平島海水浴場,Beach Heping Island,和平岛海水浴场,25.1608,121.7638,Tidal Station,TW
P2185,澎湖港馬公碼頭區,Sea Fishing Penghu Port Magong Wharf Area,澎湖港马公码头区,23.5615,119.5646,Tidal Station,TW
P2613,崙尾灣漁港,Lun Mei Wan,仑尾湾渔港,24.081,120.421,Tidal Station,TW
P2773,石梯漁港,Fishing Port Stone Ladder,石梯渔港,23.495,121.506,Tidal Station,TW
P2448,小灣,Dive Point Cove,小湾,21.94,120.804,Tidal Station,TW
P2981,杉原海域,Dive Site Sugihara Sea Area,杉原海域,22.828,121.194,Tidal Station,TW
P2682,彌陀漁港,Amitabha,弥陀渔港,22.762,120.234,Tidal Station,TW
P2500,新北市三芝區,Sanzhi District New Taipei City,新北市三芝区,25.2559,121.469,Tidal Station,TW
P2433,三條崙海水浴場,Beach Sanjo Ron,三条仑海水浴场,23.6628,120.1516,Tidal Station,TW
P2430,宜蘭縣頭城鎮,Toucheng Township Yilan County,宜兰县头城镇,24.8672,121.8375,Tidal Station,TW
P2531,野柳漁港,Fishing Port Yehliu,野柳渔港,25.208,121.689,Tidal Station,TW
P2277,歧頭漁港,Fishing Port Branch,歧头渔港,23.649,119.609,Tidal Station,TW
P2262,蚵仔寮漁港,Fishing Port Oyster House,蚵仔寮渔港,22.72577,120.2542,Tidal Station,TW
P2484,新北市金山區,Jinshan District New Taipei City,新北市金山区,25.2475,121.638,Tidal Station,TW
P2694,哈巴狗海域,Dive Site Pug Waters,哈巴狗海域,22.65,121.525,Tidal Station,TW
P2703,桃園市觀音區,Guanyin District Taoyuan City,桃园市观音区,25.0669,121.08,Tidal Station,TW
P2660,臺中市大安區,Daan District Taichung City,台中市大安区,24.3778,120.5633,Tidal Station,TW
P2964,西子灣,Sea Fishing In Xizi Bay,西子湾,22.6241,120.2628,Tidal Station,TW
P2479,新竹漁港,Hsinchu Fishing Port,新竹渔港,24.848,120.922,Tidal Station,TW
P2104,東港南堤,Sea Fishing Donggang South Embankment,东港南堤,22.4678,120.4417,Tidal Station,TW
P2385,屏東縣枋寮鄉,Fangliao Township Pingtung County,屏东县枋寮乡,22.308,120.6365,Tidal Station,TW
P2786,龍洞南口水域C區,Dive Site Area C Of The Waters At The South Entrance Of Longdong Cave,龙洞南口水域C区,25.102,121.921,Tidal Station,TW
P2874,大果葉漁港,Fishing Port Big Fruit Leaf,大果叶渔港,23.594,119.517,Tidal Station,TW
P2675,臺東縣卑南鄉,Beinan Township Taitung County,台东县卑南乡,22.7629,121.1889,Tidal Station,TW
P2182,嘉義縣東石鄉,Dongshi Township Chiayi County,嘉义县东石乡,23.4494,120.14,Tidal Station,TW
P2810,中芸漁港,Fishing Port Zhongyun,中芸渔港,22.4835,120.4002,Tidal Station,TW
P2377,高雄市鼓山區,Gushan District Kaohsiung City,高雄市鼓山区,22.6144,120.2883,Tidal Station,TW
P2459,三仙台,Sea Fishing Sanxiantai,三仙台,23.1246,121.4166,Tidal Station,TW
P2947,澎湖縣白沙鄉,Baisha Township Penghu County,澎湖县白沙乡,23.667,119.6089,Tidal Station,TW
P2161,頭城海水浴場,Beach Toucheng,头城海水浴场,24.8523,121.8283,Tidal Station,TW
P2293,臺南市安南區,Annan District Tainan City,台南市安南区,23.0404,120.0623,Tidal Station,TW
P2650,東港鹽埔漁港,Fishing Port Donggang Yanpu,东港盐埔渔港,22.47222,120.4367,Tidal Station,TW
P2965,連江縣東引鄉,Dongyin Township Lianjiang County,连江县东引乡,26.3665,120.4835,Tidal Station,TW
P2595,高雄市林園區,Linyuan District Kaohsiung City,高雄市林园区,22.4923,120.3785,Tidal Station,TW
P2191,龍洞灣公園海水浴場,Beach Longdongwan Park,龙洞湾公园海水浴场,25.1174,121.9159,Tidal Station,TW
P2855,臺南市北門區,Beimen District Tainan City,台南市北门区,23.2374,120.0755,Tidal Station,TW
P2367,大里漁港,Fishing Port Dali,大里渔港,24.962,121.921,Tidal Station,TW
P2451,萬里桐,Wan Li Tong,万里桐,21.995,120.706,Tidal Station,TW
P2103,雲林縣麥寮鄉,Mailiao Township Yunlin County,云林县麦寮乡,23.7861,120.1603,Tidal Station,TW
P2656,花蓮縣花蓮市,Hualien City Hualien County,花莲县花莲市,23.9806,121.6236,Tidal Station,TW
P2245,龍門公園海水浴場,Beach Longmen Park,龙门公园海水浴场,25.0187,121.9385,Tidal Station,TW
P2853,磺港漁港,Sulfur Harbor,磺港渔港,25.231,121.648,Tidal Station,TW
P2868,金湖漁港,Fishing Port Golden Lake,金湖渔港,23.572,120.142,Tidal Station,TW
P2278,桃園市大園區,Dayuan District Taoyuan City,桃园市大园区,25.1181,121.2433,Tidal Station,TW
P2802,旗津海岸公園海水浴場,Beach Cijin Coastal Park,旗津海岸公园海水浴场,22.6024,120.2751,Tidal Station,TW
P2911,臺東縣達仁鄉,Daren Township Taitung County,台东县达仁乡,22.2879,120.897,Tidal Station,TW
P2695,鹽寮海水浴場,Salt Liao Beach,盐寮海水浴场,25.0421,121.9264,Tidal Station,TW
P2996,基隆市安樂區,Anle District Keelung City,基隆市安乐区,25.1675,121.711,Tidal Station,TW
P2734,新竹縣新豐鄉,Xinfeng Township Hsinchu County,新竹县新丰乡,24.9278,120.9668,Tidal Station,TW
P2914,臺東縣成功鎮,Chenggong Town Taitung County,台东县成功镇,23.0972,121.38,Tidal Station,TW
P2318,後壁湖漁港,Houbi Lake,后壁湖渔港,21.945,120.745,Tidal Station,TW
P2576,臺東縣綠島鄉,Ludao Township Taitung County,台东县绿岛乡,22.6622,121.4647,Tidal Station,TW
P2866,新竹市香山區,Xiangshan District Hsinchu City,新竹市香山区,24.7571,120.8813,Tidal Station,TW
P2458,東澳粉鳥林漁港,Sea Fishing Dongao Fenniaolin Fishing Port,东澳粉鸟林渔港,24.4974,121.8419,Tidal Station,TW
P2254,花蓮縣秀林鄉,Xiulin Township Hualien County,花莲县秀林乡,24.3031,121.7561,Tidal Station,TW
P2373,新北市瑞芳區,Ruifang District New Taipei City,新北市瑞芳区,25.1307,121.8285,Tidal Station,TW
P2665,臺東縣蘭嶼鄉,Lanyu Township Taitung County,台东县兰屿乡,22.0581,121.5069,Tidal Station,TW
P2670,粉鳥林漁港,Fishing Port Pink Bird Forest,粉鸟林渔港,24.496,121.844,Tidal Station,TW
P2336,石朗海域,Dive Site Shilang Sea Area,石朗海域,22.65,121.45,Tidal Station,TW
P2909,綠島漁港,Fishing Port Green Island,绿岛渔港,22.659,121.476,Tidal Station,TW
P2783,高雄市旗津區,Cijin District Kaohsiung City,高雄市旗津区,22.5801,120.2875,Tidal Station,TW
P2828,杉原海水浴場,Beach Sugihara,杉原海水浴场,22.8312,121.1852,Tidal Station,TW
P2502,雲林縣口湖鄉,Kouhu Township Yunlin County,云林县口湖乡,23.5654,120.1379,Tidal Station,TW
P2535,布袋漁港,Fishing Port Bag,布袋渔港,23.388,120.157,Tidal Station,TW
P2360,後壁湖航道西側,The West Side Of The Waterway Of Houbihu Dive Site,后壁湖航道西侧,21.938,120.746,Tidal Station,TW
P2495,深澳漁港,Fishing Port Shen Ao,深澳渔港,25.131,121.82,Tidal Station,TW
P2879,澎湖縣馬公市,Magong City Penghu County,澎湖县马公市,23.5603,119.5781,Tidal Station,TW
P2128,東澳漁港與龜吼漁港間海域,Surfing The Waters Between Dongao Fishing Port And Guihou Fishing Port,东澳渔港与龟吼渔港间海域,25.198,121.692,Tidal Station,TW
P2726,前寮漁港,Fishing Port Qianliao,前寮渔港,23.551,119.588,Tidal Station,TW
P2555,基隆市中山區,Zhongshan District Keelung City,基隆市中山区,25.155,121.7522,Tidal Station,TW
P2784,彰化縣大城鄉,Dacheng Township Changhua County,彰化县大城乡,23.882,120.2776,Tidal Station,TW
P2571,高雄市楠梓區,Nanzi District Kaohsiung City,高雄市楠梓区,22.714,120.248,Tidal Station,TW
P2776,苗栗縣後龍鎮,Houlong Town Miaoli County,苗栗县后龙镇,24.6514,120.7714,Tidal Station,TW
P2297,東石漁港,Dongshi Fishing Port,东石渔港,23.45,120.138,Tidal Station,TW
P2527,赤崁漁港,Fishing Port Chikan,赤崁渔港,23.665,119.604,Tidal Station,TW
P2311,金門縣烏坵鄉,Wuqiu Township Kinmen County,金门县乌丘乡,24.9881,119.4564,Tidal Station,TW
P2574,金門縣金沙鎮,Jinsha Town Kinmen County,金门县金沙镇,24.5324,118.4153,Tidal Station,TW
P2355,龍洞灣水域B區南側,The Diving Site Is On The South Side Of Area B In Longdongwan Waters,龙洞湾水域B区南侧,25.114,121.918,Tidal Station,TW
P2974,豆腐岬水域,Dive Site Tofu Cape Waters,豆腐岬水域,24.584,121.873,Tidal Station,TW
P2338,屏東縣新園鄉,Xinyuan Township Pingtung County,屏东县新园乡,22.4716,120.4295,Tidal Station,TW
P2210,萬里漁港,Wanli Fishing Port,万里渔港,25.182,121.695,Tidal Station,TW
P2749,蘇澳港南防波堤靠內港側,Sea Fishing On The Inner Harbor Side Of The South Breakwater Of Suao Port,苏澳港南防波堤靠内港侧,24.5893,121.8777,Tidal Station,TW
P2534,屏東縣枋山鄉,Fangshan Township Pingtung County,屏东县枋山乡,22.195,120.6836,Tidal Station,TW
P2631,新北市林口區,Linkou District New Taipei City,新北市林口区,25.1354,121.3426,Tidal Station,TW
P2955,澎湖縣七美鄉,Qimei Township Penghu County,澎湖县七美乡,23.1931,119.4179,Tidal Station,TW
P2934,小灣海水浴場,Beach Bay,小湾海水浴场,21.9414,120.8044,Tidal Station,TW
P2745,高雄市小港區,Xiaogang District Kaohsiung City,高雄市小港区,22.5337,120.3179,Tidal Station,TW
P2567,大武崙漁港,Dawulun Fishing Port,大武仑渔港,25.167,121.708,Tidal Station,TW
P2196,紅柴坑潛點,Hong Chai Hang,红柴坑潜点,21.972,120.715,Tidal Station,TW
P2851,布袋商港釣魚示範區,Sea Fishing Budai Commercial Port Fishing Demonstration Area,布袋商港钓鱼示范区,23.3845,120.1278,Tidal Station,TW
P2139,基隆港東岸防坡堤,Sea Fishing Keelung Harbor East Bank Breakwater,基隆港东岸防坡堤,25.1622,121.7548,Tidal Station,TW
P2341,東澳漁港,Fishing Port Dongao,东澳渔港,25.204,121.696,Tidal Station,TW
P2455,和平島,Sea Fishing Peace Island,和平岛,25.1608,121.7638,Tidal Station,TW
P2860,龍洞灣水域B區北側,Dive Site North Side Of Area B In Longdongwan Waters,龙洞湾水域B区北侧,25.118,121.919,Tidal Station,TW
P2681,柴口海域,Dive Site Chaikou Waters,柴口海域,22.7,121.475,Tidal Station,TW
P2644,福隆漁港,Fishing Port Fulong,福隆渔港,25.021,121.951,Tidal Station,TW
P2817,梧棲港,Sea Fishing Wuqi Port,梧栖港,24.2925,120.5207,Tidal Station,TW
P2375,旗津漁港,Cijin Fishing Port,旗津渔港,22.589,120.289,Tidal Station,TW
P2803,彰化縣伸港鄉,Shengang Township Changhua County,彰化县伸港乡,24.1897,120.4613,Tidal Station,TW
P2378,白沙漁港,Baisha Fishing Port,白沙渔港,22.915,120.181,Tidal Station,TW
P2977,金門縣金湖鎮,Jinhu Town Kinmen County,金门县金湖镇,24.4086,118.43,Tidal Station,TW
P2723,花蓮縣壽豐鄉,Shoufeng Township Hualien County,花莲县寿丰乡,23.828,121.5862,Tidal Station,TW
P2503,新竹縣竹北市,Zhubei City Hsinchu County,新竹县竹北市,24.862,120.9275,Tidal Station,TW
P2763,墾丁海水浴場,Beach Kenting,垦丁海水浴场,21.9459,120.79,Tidal Station,TW
P2608,苗栗縣通霄鎮,Tongxiao Town Miaoli County,苗栗县通霄镇,24.4948,120.6547,Tidal Station,TW
P2661,鼓山漁港,Fishing Port Gushan,鼓山渔港,22.62,120.27,Tidal Station,TW
P2118,永新漁港,Yongxin Fishing Port,永新渔港,22.82026,120.2081,Tidal Station,TW
P2207,彰化縣線西鄉,Changhua County Line Xixiang,彰化县线西乡,24.1445,120.4113,Tidal Station,TW
P2460,梧棲漁港,Wuqi Fishing Port,梧栖渔港,24.292,120.519,Tidal Station,TW
P2991,金門縣金城鎮,Jincheng Town Kinmen County,金门县金城镇,24.4211,118.2892,Tidal Station,TW
P2422,臺北港北防坡堤,Sea Fishing On The North Breakwater Of Taipei Harbor,台北港北防坡堤,25.1574,121.3637,Tidal Station,TW
P2935,龍門漁港,Fishing Port Longmen,龙门渔港,23.559,119.674,Tidal Station,TW
P2821,高雄市茄萣區,Jialing District Kaohsiung City,高雄市茄萣区,22.8701,120.1855,Tidal Station,TW
P2127,基隆市中正區,Zhongzheng District Keelung City,基隆市中正区,25.1506,121.79,Tidal Station,TW
P2907,臺中市梧棲區,Wuqi District Taichung City,台中市梧栖区,24.2878,120.5331,Tidal Station,TW
P2716,長濱界橋,Sea Fishing Nagahama Boundary Bridge,长滨界桥,23.216,121.4104,Tidal Station,TW
P2439,花蓮港東堤垂釣區,Sea Fishing Hualien Harbor Dongdi Fishing Area,花莲港东堤垂钓区,23.9767,121.6325,Tidal Station,TW
P2187,永安漁港,Wing On Fishing Port,永安渔港,24.99,121.011,Tidal Station,TW
P2249,南方澳漁港,Nanfangao A Fishing Port,南方澳渔港,24.582,121.871,Tidal Station,TW
P2942,前鎮漁港,Yugangqian Town,前镇渔港,22.56966,120.3137,Tidal Station,TW
P2813,連江縣北竿鄉,Beigan Township Lianjiang County,连江县北竿乡,26.2184,119.9982,Tidal Station,TW
P2638,馬沙溝海水浴場,Beach Mashagou,马沙沟海水浴场,23.2175,120.0841,Tidal Station,TW
P2753,沙港西漁港,West Shagang Fishing Port,沙港西渔港,23.606,119.62,Tidal Station,TW
P2705,東澳漁港與龜吼漁港,Dive At Dongao Fishing Port And Guihou Fishing Port,东澳渔港与龟吼渔港,25.198,121.692,Tidal Station,TW
P2790,南灣,Surf South Bay,南湾,21.959,120.761,Tidal Station,TW
P2615,臺南市將軍區,General District Tainan City,台南市将军区,23.2125,120.0831,Tidal Station,TW
P2707,成功港,Sea Fishing Success Port,成功港,23.098,121.3805,Tidal Station,TW
P2101,水利村漁港,Fishing Port Water Conservancy Village,水利村渔港,22.41768,120.5131,Tidal Station,TW
P2645,新湖漁港,Fishing Port Xinhu,新湖渔港,24.431,118.41,Tidal Station,TW
P2264,福隆鹽寮水域F區,Surf Area F Of Fulong Yanliao Waters,福隆盐寮水域F区,25.024,121.958,Tidal Station,TW
